Name,RA_deg,Dec_deg,Magnitude
Acamar,44.565311,-40.304672,2.88
Achernar,24.428523,-57.236753,0.45
Achird,12.276213,57.815187,3.46
Acrab,241.3593,-19.805453,2.56
Acrux,186.649563,-63.099093,1.33
Acubens,134.621761,11.8577,4.26
Adhafera,154.172567,23.417312,3.43
Adhara,104.656453,-28.972086,1.5
Ain,67.154163,19.180435,3.53
Aladfar,288.439531,39.14597,4.43
Albaldah,287.440971,-21.023615,2.88
Albali,311.918969,-9.495775,3.78
Albireo,292.680351,27.959692,3.37
Alchiba,182.103402,-24.728875,4.02
Alcor,201.306403,54.987954,3.99
Alcyone,56.871152,24.105136,2.85
Aldebaran,68.980163,16.509302,0.87
Alderamin,319.644885,62.585574,2.45
Aldhanab,328.482192,-37.364855,3.0
Aldhibah,257.19665,65.714684,3.17
Aldulfin,308.303216,11.303261,4.03
Alfirk,322.164987,70.560715,3.23
Algedi,304.513566,-12.544852,3.58
Algenib,3.308963,15.183594,2.83
Algieba,154.993144,19.841489,2.61
Algol,47.042215,40.955648,2.09
Algorab,187.466063,-16.515431,2.94
Alhena,99.42796,16.39928,1.93
Alioth,193.50729,55.959823,1.76
Aljanah,311.552843,33.970257,2.48
Alkaid,206.885157,49.313267,1.85
Alkalurops,231.122618,37.377169,4.31
Alkaphrah,135.906365,47.156525,4.16
Alkarab,351.344931,23.4041,4.42
Alkes,164.943604,-18.298783,4.08
Almaaz,75.492219,43.823307,3.03
Almach,30.974804,42.329725,2.1
Alnair,332.05827,-46.960974,1.73
Alnasl,271.452025,-30.4241,2.98
Alnilam,84.053389,-1.201919,1.69
Alnitak,85.189694,-1.942574,1.74
Alniyat,245.297149,-25.592792,2.9
Alphard,141.896847,-8.658602,1.99
Alphecca,233.67195,26.714693,2.22
Alpheratz,2.096916,29.090431,2.07
Alpherg,22.870873,15.345823,3.83
Alrescha,30.511772,2.763735,3.82
Alsciaukat,125.708792,43.188131,4.25
Alsephina,131.175944,-54.708819,1.99
Alshain,298.828304,6.406763,3.71
Altair,297.695827,8.868321,0.76
Altais,288.13875,67.661541,3.07
Alterf,142.930115,22.96797,4.32
Aludra,111.02376,-29.303106,2.45
Alula Australis,169.545423,31.529161,4.41
Alula Borealis,169.619737,33.094305,3.49
Alzirr,101.322351,12.895592,3.35
Ancha,334.208485,-7.783291,4.17
Ankaa,6.570939,-42.306084,2.4
Anser,292.176375,24.664903,4.44
Antares,247.351915,-26.432003,1.06
Arcturus,213.9153,19.182409,-0.05
Arkab Posterior,290.80474,-44.799779,4.27
Arkab Prior,290.659551,-44.458959,3.96
Arneb,83.182567,-17.822289,2.58
Ascella,285.653043,-29.880063,2.6
Asellus Australis,131.171248,18.154309,3.94
Ashlesha,131.693794,6.418809,3.49
Aspidiske,139.272529,-59.275232,2.21
Athebyne,245.997858,61.514214,2.73
Atik,56.07972,32.28824,3.84
Atlas,57.290597,24.053415,3.62
Atria,252.166229,-69.027712,1.91
Avior,125.62848,-59.509484,1.86
Azha,44.106873,-8.898145,3.89
Azmidi,117.323563,-24.859786,3.45
Baten Kaitos,27.865137,-10.335044,3.74
Beemim,66.009239,-34.016848,3.97
Beid,62.966415,-6.83758,4.04
Bellatrix,81.282764,6.349703,1.64
Betelgeuse,88.792939,7.407064,0.45
Bharani,42.495972,27.260507,3.61
Biham,332.549939,6.197863,3.52
Botein,47.907356,19.726674,4.35
Brachium,226.017567,-25.281961,3.25
Canopus,95.987958,-52.695661,-0.62
Capella,79.172328,45.997991,0.08
Caph,2.294522,59.149781,2.28
Castor,113.649428,31.888276,1.98
Cebalrai,265.868136,4.5673,2.76
Chamukuy,67.165586,15.870882,3.73
Chara,188.435603,41.357479,4.24
Chertan,168.560019,15.429571,3.33
Cor Caroli,194.006943,38.318376,2.89
Cursa,76.96244,-5.086446,2.78
Dabih,305.252803,-14.781405,3.05
Dalim,48.018864,-28.98762,3.86
Deneb,310.35798,45.280339,1.25
Deneb Algedi,326.760184,-16.127287,2.85
Denebola,177.26491,14.572058,2.14
Diphda,10.897379,-17.986606,2.04
Dschubba,240.083359,-22.62171,2.29
Dubhe,165.931965,61.751035,1.81
Edasich,231.232396,58.966063,3.29
Electra,56.218904,24.113336,3.72
Elnath,81.572971,28.607452,1.65
Eltanin,269.151541,51.488896,2.24
Enif,326.046484,9.875009,2.38
Errai,354.836655,77.632313,3.21
Fang,239.712972,-26.114108,2.89
Fawaris,296.243658,45.13081,2.9
Fomalhaut,344.412693,-29.622237,1.17
Fulu,9.242851,53.896908,3.69
Fumalsamakah,345.969225,3.820045,4.48
Furud,95.0783,-30.063367,3.02
Fuyue,267.464503,-37.043305,3.19
Gacrux,187.791498,-57.113213,1.59
Giausar,172.85092,69.331075,3.82
Gienah,183.951543,-17.541929,2.58
Ginan,185.340039,-60.401147,3.59
Gomeisa,111.787674,8.289316,2.89
Grumium,268.382207,56.872646,3.73
Hadar,210.955856,-60.373035,0.61
Haedus,76.628722,41.234476,3.18
Hamal,31.793357,23.462418,2.01
Hassaleh,74.248421,33.1661,2.69
Hatysa,83.858258,-5.909901,2.8
Heze,203.6733,-0.59582,3.38
Homam,340.365503,10.831363,3.41
Iklil,239.221151,-29.214073,3.87
Izar,221.246763,27.074207,2.35
Jabbah,242.998894,-19.460708,4.5
Kaffaljidhma,40.825163,3.235816,3.56
Kang,213.223939,-10.273704,4.18
Kaus Australis,276.042993,-34.384616,1.79
Kaus Borealis,276.992668,-25.421701,2.82
Kaus Media,275.248508,-29.828104,2.72
Keid,63.817999,-7.652872,4.43
Kitalpha,318.955949,5.247865,3.92
Kochab,222.676357,74.155504,2.07
Kornephoros,247.554998,21.489611,2.78
Kraz,188.59681,-23.396759,2.65
Kurhah,330.947724,64.627971,4.26
Larawag,252.540878,-34.293232,2.29
Lesath,262.690979,-37.295813,2.7
Maasym,262.684626,26.110645,4.41
Mahasim,89.930292,37.212585,2.65
Maia,56.456695,24.367751,3.87
Marfik,247.728453,1.983888,3.82
Markab,346.190223,15.205267,2.49
Markeb,140.528407,-55.010667,2.47
Matar,340.750579,30.221244,2.93
Mebsuta,100.983026,25.131127,3.06
Megrez,183.856503,57.032615,3.32
Meissa,83.784486,9.934156,3.39
Mekbuda,106.027215,20.570295,4.01
Menkalinan,89.882179,44.947433,1.9
Menkar,45.569885,4.089737,2.54
Menkent,211.670617,-36.369958,2.06
Menkib,59.741253,35.791032,3.98
Merak,165.460319,56.382426,2.34
Meridiana,287.368087,-37.904473,4.11
Merope,56.581552,23.948348,4.14
Miaplacidus,138.299906,-69.717208,1.67
Mimosa,191.930263,-59.688764,1.25
Minchir,129.689323,3.341436,4.45
Minelauva,193.900869,3.39747,3.39
Mintaka,83.001667,-0.299095,2.25
Mirach,17.433013,35.620557,2.07
Miram,42.674207,55.895497,3.77
Mirfak,51.080709,49.861179,1.79
Mirzam,95.674939,-17.955919,1.98
Misam,47.374048,44.857541,3.79
Mizar,200.981429,54.925362,2.23
Mothallah,28.27045,29.578826,3.42
Muliphein,105.939554,-15.633286,4.11
Muphrid,208.671161,18.397717,2.68
Muscida,127.566128,60.71817,3.35
Naos,120.896031,-40.003148,2.21
Nashira,325.022735,-16.662308,3.69
Nekkar,225.48651,40.390567,3.49
Nembus,24.498154,48.628214,3.59
Nihal,82.061346,-20.759441,2.83
Nunki,283.81636,-26.296724,2.05
Nusakan,231.957211,29.105699,3.9
Okab,286.352533,13.863477,2.99
Peacock,306.411904,-56.73509,1.94
Phact,84.912254,-34.07411,2.65
Phecda,178.457679,53.694758,2.41
Pherkad,230.18215,71.834017,3.0
Pipirima,253.083939,-38.017535,3.56
Polaris,37.954561,89.264109,2.13
Polis,273.44087,-21.058832,3.84
Pollux,116.328958,28.026199,1.16
Porrima,190.415181,-1.449373,3.44
Praecipua,163.327937,34.214872,3.79
Prima Hyadum,64.948349,15.627643,3.65
Procyon,114.825493,5.224993,0.4
Propus,93.719405,22.506794,3.32
Ran,53.232687,-9.458259,3.73
Rasalas,148.190903,26.006953,3.88
Rasalgethi,258.66191,14.390333,3.37
Rasalhague,263.733627,12.560035,2.08
Rastaban,262.608174,52.301389,2.79
Regulus,152.092962,11.967209,1.36
Rigel,78.634467,-8.201638,0.18
Rigil Kentaurus,219.902066,-60.833975,-0.01
Rotanev,309.387235,14.595115,3.64
Ruchbah,21.453964,60.235284,2.66
Rukbat,290.97157,-40.61594,3.96
Sabik,257.594529,-15.724907,2.43
Saclateni,75.619531,41.075839,3.69
Sadachbia,335.414064,-1.387334,3.86
Sadalbari,342.500809,24.601577,3.51
Sadalmelik,331.445983,-0.319849,2.95
Sadalsuud,322.889715,-5.571176,2.9
Sadr,305.557091,40.256679,2.23
Saiph,86.93912,-9.669605,2.07
Sargas,264.329711,-42.997824,1.86
Sarin,258.757963,24.839204,3.12
Sceptrum,69.545104,-14.304017,4.02
Scheat,345.943572,28.082785,2.44
Schedar,10.126838,56.537331,2.24
Secunda Hyadum,65.733719,17.542514,3.78
Segin,28.598857,63.670101,3.35
Seginus,218.019466,38.308251,3.04
Sham,295.024133,18.013891,4.39
Shaula,263.402167,-37.103824,2.08
Sheliak,282.519978,33.362668,3.6
Sheratan,28.660046,20.808031,2.7
Sirius,101.287155,-16.716116,-1.45
Skat,343.662556,-15.820827,3.27
Spica,201.298247,-11.161319,0.98
Sualocin,309.90953,15.912073,3.86
Subra,145.28764,9.892308,3.52
Suhail,136.998993,-43.432589,2.23
Sulafat,284.735928,32.689557,3.25
Syrma,214.003623,-6.000545,4.07
Tabit,72.460045,6.961275,3.19
Taiyangshou,176.512559,47.779406,3.69
Talitha,134.80189,48.041826,3.12
Tania Australis,155.58225,41.499519,3.06
Tania Borealis,154.274095,42.914356,3.45
Tarazed,296.564915,10.613262,2.72
Tarf,124.128838,9.185544,3.53
Taygeta,56.302063,24.46727,4.3
Tejat,95.740112,22.513583,2.87
Theemin,68.88766,-30.562341,3.81
Thuban,211.097291,64.375851,3.67
Tiaki,340.666876,-46.884576,2.12
Tianguan,84.411189,21.142544,2.97
Titawin,24.199342,41.405457,4.09
Torcular,26.348466,9.157737,4.29
Tureis,121.886037,-24.304324,2.83
Ukdah,144.964008,-1.14281,3.9
Unukalhai,236.066976,6.425629,2.63
Unurgunite,105.429782,-27.93483,3.49
Vega,279.234735,38.783689,0.03
Vindemiatrix,195.544157,10.959149,2.85
Wasat,110.030749,21.982316,3.52
Wazn,87.739968,-35.76831,3.12
Wezen,107.09785,-26.3932,1.83
Wurren,17.096173,-55.245758,4.02
Xamidimura,252.96763,-38.04738,3.0
Xuange,214.095912,46.088306,4.18
Yed Posterior,244.580374,-4.69251,3.23
Yed Prior,243.586411,-3.694323,2.73
Yildun,263.054126,86.586462,4.35
Zaurak,59.50736,-13.508516,2.97
Zavijava,177.673826,1.764717,3.59
Zhang,147.869558,-14.846603,4.11
Zosma,168.527089,20.523718,2.56
Zubenelgenubi,222.719638,-16.041777,2.75
Zubenelhakrabi,233.881578,-14.789536,3.91
Zubeneschamali,229.251724,-9.382914,2.61
